$L_{REGCOIL}$,$L^*_{\nabla \vec{B}}$,$L_{\vec{B} \cdot \nabla \vec{B}}$,$L_{\nabla |B|}$,$L_{\max \sigma}$,$L_{\sigma}$,$L_{fsab}$
1.6909439438176965,1.543526512249847,1.1608682569440407,1.1921526230915993,1.4437688048082788,1.5435265122498474,0.5758135092091651
4.819463980175483,2.873377263664761,2.04641555758165,2.4067500050835675,2.667630587701689,2.8733772636647603,1.4438865917744343
5.547155005211156,2.962802046210117,2.11565125357689,2.493838191424719,2.4762009764193738,2.962802046210117,1.379237112891939
2.7496918063799005,2.111988755502327,1.3561414127533662,1.782301353784054,1.861603936067429,2.1119887555023276,0.9521614487073724
4.949370869441928,4.0247356428377214,3.725528947282571,3.7302254580730025,3.6770079455043985,4.024735642837723,2.0669499808088485
2.6105024318796812,1.7366234080705136,1.0757552301701951,1.6902711196498,1.3571605755407392,1.7366234080705139,0.7891828675665215
3.6429490999050014,2.1482267517409817,1.278914108680903,1.8160596892059113,1.588161037404139,2.148226751740981,0.9528439199558155
2.2473800146009912,1.670871213530898,1.1186545513633677,1.3653676385528715,1.3970377365186712,1.670871213530898,0.7168737130031185
2.0201010795805754,1.393037648502139,1.0601619413749959,1.1467239763676706,1.3662070233210057,1.393037648502139,0.44252357441210305
2.9079073238599737,2.2514988190990657,1.7095694739481968,1.9960961592449562,2.085058688291145,2.2514988190990657,0.9743703741045852
5.4455054253628825,3.301444685350561,2.1117120558866347,2.787351624894306,2.8415515139895353,3.301444685350561,1.582882691386851
3.4686819765643944,2.684146141628984,2.109226635318645,2.3782679018747843,2.333345463538645,2.684146141628984,1.3061641517940816
4.090928987877567,2.4371138888003387,1.6148629578234381,1.8998075973626651,2.0874344198212573,2.437113888800339,1.1705647857057553
1.9030923148510308,0.9367079866418376,0.7917162633010602,0.7922639692371404,0.7133705343632236,0.9367079866418375,0.3877845083549648
2.9325335475307974,2.242274091833057,1.4080009551149557,1.9365411569423678,2.002590638211368,2.242274091833057,0.9182789988296621
4.064420286819635,2.434751280271797,1.5659931029479557,1.8973306385743223,2.0809493562684693,2.4347512802717968,1.1764240298520974
13.626148524249713,5.204045189304045,4.330728504080389,5.028486100789322,4.226148524074812,5.204045189304046,2.6159051446000583
4.142355915455678,2.450172692412541,1.4739189352575168,1.9138977492251084,2.0941315479895986,2.450172692412541,1.1912158455203354
7.157688541919676,4.6707585399490315,3.301052064036756,3.9731200529382065,4.53343520155276,4.670758539949032,2.34794386396671
3.737700050331158,2.8975144627554212,1.9514134795531153,2.5403614398909404,2.65908078847328,2.8975144627554217,1.3768079692770825
2.2581513871231405,1.668126360818689,1.114763615155895,1.3677125369347238,1.3994826273322756,1.6681263608186887,0.7181776739129785
5.669606846100452,2.975857214767424,2.5152049070641063,2.5049629492014374,2.484374430116231,2.975857214767424,1.3843412442374832
4.0608476289445,2.361536577829694,1.3911054248545047,1.8517536523200082,1.9782031651691343,2.361536577829694,1.1526605477028522
2.492917643502314,1.8657573663635978,1.1709995594763236,1.5343401034452746,1.7540492917938393,1.8657573663635978,0.7907234032948058
16.127102319574412,7.336636344094869,5.214920827837041,7.498133185196537,6.406776030244365,7.336636344094869,4.3193357517610345
2.9619546147726576,2.0902497260659922,1.3475996884014334,1.7484042365176375,1.827418081571347,2.090249726065992,0.9452160155537396
3.9476961205121714,2.6232213012001546,1.8985291883872202,2.106211624879334,2.396683336815045,2.623221301200154,1.1881674131659126
3.877444948388967,2.428828209171039,1.6114839107789318,2.0517090569160907,2.088303001608674,2.4288282091710385,1.0995289280844942
4.095732348930738,3.392319426015812,2.2177255419221487,2.732334367034043,3.0118040357947793,3.392319426015811,1.6524404807275
5.053496243675408,4.247070354931006,3.059863229922712,3.8169070429885763,4.084458266351658,4.247070354931006,2.1401405003891023
2.1606689305519438,1.7324067498027416,1.2772592911553686,1.457622504690905,1.5644660652337636,1.7324067498027416,0.7347367416806856
4.09091713984833,2.4323992218885415,1.5859423447648053,1.8952106255356975,2.0798533850050918,2.432399221888541,1.172591957575692
2.165651581707413,1.5480819881997812,1.137309108015028,1.2727302328999166,1.5342603966559825,1.5480819881997816,0.5208913236849539
2.2647424985213034,1.6515135500701326,1.13765067976196,1.3409008707277057,1.4068612481622564,1.6515135500701321,0.7057796374268844
2.9133920678055425,2.0467294458612586,1.38396216499131,1.6496860980277384,1.8233137207840842,2.0467294458612586,0.7613597516849421
5.52536623150508,3.37720185854072,2.1253693898709454,2.6450518305664086,2.9908099041857175,3.3772018585407197,1.6962891022045021
5.493189996111887,3.062701262706232,1.971851612799021,2.6050080329509986,2.4862562693188925,3.0627012627062316,1.4686071662238058
4.08755102172178,2.428515582411165,1.4520017071168323,1.8930715408670715,2.075959936853339,2.4285155824111655,1.1705345856651306
2.675657775539318,1.9314138424812008,1.314593955203522,1.753620220942087,1.6347394011648835,1.9314138424812006,0.8880732621651538
2.2178847645566746,1.5724754638932779,0.9721070921985885,1.3472238177861482,1.4432355135088584,1.5724754638932776,0.5574150743398216
2.1851730223428483,1.7678765481798102,1.1710983641159485,1.471951761015669,1.5626623668209698,1.7678765481798107,0.7118948265467966
2.3877522310711177,1.7231760290089226,1.1672827926980955,1.4225401735378935,1.5284706173344338,1.7231760290089224,0.7127310588466618
2.317944952590663,1.6777609140009289,1.0433802859337298,1.5414305004507793,1.4491575512031811,1.6777609140009289,0.7351426949353403
5.434958293951874,2.821695183079789,1.8246146544050263,2.3256029664971765,2.2292320424412564,2.821695183079789,1.3390967107216911
5.466369078546979,3.2327907654940904,2.1617307256893605,2.6016452297716515,2.771526081069932,3.232790765494091,1.5717158991604125
3.0115154326565787,2.1577895082144787,1.4012811658555184,1.820351873645345,1.95964538059488,2.1577895082144782,0.9318708184274967
2.0383026700056717,1.6052737277857674,1.081512819111546,1.3049298492245396,1.5164839450617291,1.6052737277857674,0.6201949468632789
11.161982009733212,7.288773738316309,6.6340393703834675,6.426929268920146,7.204892869568804,7.28877373831631,3.832726464351417
2.1706843217593503,1.4804858093440847,0.854711408823313,1.3005892342804488,1.3338070159902435,1.4804858093440851,0.550764773839684
3.4721743555821716,2.445267616568037,1.4680924803852493,1.9917526498681801,2.1882899113199348,2.445267616568038,1.0727314029218982
3.1745805803234175,2.3279350480315135,1.6806489625205214,1.9919178794916905,2.186805730708671,2.3279350480315135,0.8994098621008793
3.515588479321258,2.1001584242803157,1.3288793166014212,1.688913164151447,1.7818552525003895,2.1001584242803157,0.9383412014807474
4.870316411117887,3.9259339949296783,3.566132344784025,3.629285277471586,3.5139802593842515,3.9259339949296783,2.0141583705740307
5.679984521596216,2.6474046936301034,2.1723100305057366,2.384294230033351,2.295089854861989,2.6474046936301034,1.2811983785626317
5.414673058059984,2.7288259991151738,1.7486656741921027,2.255267972876365,2.0500259261409113,2.7288259991151733,1.287031856275581
2.9535009030703345,2.1185949982753143,1.4985885402422545,1.9105883618617956,1.9695508754985696,2.1185949982753147,0.8916551212613396
4.761692130787246,4.190082714614495,3.8866742127149196,3.7916891212917143,3.9665164018575756,4.190082714614494,2.161805022103791
7.547741605574075,5.247260912038386,4.193974316351083,4.315954786322906,5.143382775453588,5.247260912038385,2.586142978921116
2.4050873566991586,1.2490588850171283,0.6476965976401934,1.233880780169786,0.9384411932296985,1.2490588850171291,0.5161794605727289
4.011236619034538,2.4212897854667474,1.5218787081571408,1.9135765345659785,2.0773316147532284,2.4212897854667466,1.1479826882583546
2.12989708918906,1.8193499028462221,1.3291166525230087,1.4867511712344357,1.684780607945024,1.8193499028462221,0.7615442886562036
2.7524928292604582,2.102341263749459,1.5278379223274072,1.7777262225750383,1.8442800298708828,2.102341263749459,0.9502529490942878
3.779912841578437,2.7313352351111244,1.7947194704331784,2.3697269365027234,2.4181850135526326,2.731335235111124,1.323326388027727
3.724826617674205,2.8885704246466086,1.9539969589643664,2.532719970241296,2.657905530351322,2.8885704246466095,1.3718917389248675
2.7397762826181964,2.110924217318054,1.3508817769074395,1.7843782232733467,1.8575903102924587,2.110924217318054,0.95318597306813
1.7135328051786316,1.4050926778457273,0.9527455901472152,1.073780166019415,1.2269453615070283,1.4050926778457273,0.5010140390386146
5.6314560940068885,2.080401293613762,1.2128677250961482,1.7671218418859338,1.5213391625459187,2.080401293613761,1.2377380049866358
3.7160637805981285,2.8230129741261205,2.353200606914195,2.558125975223062,2.5530737869910114,2.8230129741261214,1.3389267572390895
5.422207656926179,2.5732621646290363,1.5742892284884786,2.194055483517538,1.9272187942479022,2.5732621646290372,1.3765786495712664
4.083466250131325,2.6701016929539096,1.716572736934571,2.1116067956256686,2.402790733765653,2.670101692953909,1.2879990886326709
2.0762962830181944,1.289462581655857,0.947520980049381,1.0336529435880757,1.0226046788961454,1.289462581655857,0.5583718771246141
2.2160818499474564,1.7071667050973727,1.1441876278368472,1.4807092592740354,1.4987669411078102,1.7071667050973727,0.6902529810221015
7.418064966369541,4.777963157121581,3.3963052572033092,4.013478274832243,4.681021891129062,4.777963157121582,2.4213531735297664
2.631063045263051,2.1425470994568068,1.4329409229289054,1.8632610958900524,1.940253750505835,2.1425470994568063,0.9398369533368505
2.695235472729909,2.1035693276326435,1.5798761556796543,1.795943240189651,1.8650007970740983,2.1035693276326435,0.9351640790375718
1.9137478750440275,1.6315568904716395,1.1231254004028768,1.2831992042711093,1.5296994306928495,1.6315568904716393,0.5973935815718575
3.785206617903308,2.9454658794709427,2.472978623262887,2.607451893317661,2.7683234698182417,2.945465879470943,1.3429009475542177
5.6255853053706355,4.528238193783017,4.125955002860606,3.4802563336235623,3.6499346547161524,4.528238193783017,2.2454460262972336
3.5768957435367303,2.872550066578631,2.3645020116028213,2.5756133118134907,2.6112443358491477,2.8725500665786314,1.3796535808172639
2.738666829349637,2.114705899414384,1.362124556281698,1.7965764517438374,1.857377648399226,2.114705899414384,0.9475646170678043
2.972029981641651,2.1488670641343486,1.3053024543746357,1.8485312698748027,1.9117333972423185,2.1488670641343486,0.8802276068155402
1.9618316149293824,1.2883539991703172,0.8513671632474438,0.9820658342062402,1.1565609708492268,1.2883539991703172,0.4719178616544458
5.197701296597448,3.0105064666122603,2.2054532204010275,2.459929987834387,2.532905517830515,3.0105064666122603,1.4263278699739894
2.067893508524765,1.5478220348314382,0.9796389800618431,1.2442099755681701,1.3157066000702298,1.5478220348314382,0.6430827147250892
4.115894084698173,2.4363296660085623,1.4654841864334596,1.9015861692696383,2.080401484650891,2.4363296660085614,1.1815865406408796
7.277701232366133,4.743023581429334,4.172811394504876,3.9291350420279096,4.57650083821335,4.743023581429334,2.443330575529591
3.906401500060846,2.372770749509257,1.6903665618737356,1.9519877645650232,2.022067819506911,2.372770749509257,1.0718664044149973
27.251101984764876,15.558444362429634,13.116836861068268,14.398565485425216,13.484799551907695,15.558444362429634,8.540459216356712
3.0317773525735072,0.06771845976794436,0.08737004137565621,0.09952679589505153,0.04788822642531972,0.06771845976794434,0.031741322463159236
2.482970817470891,1.4573354383448682,0.8324737960301395,1.3222285417208113,1.1295946960296963,1.4573354383448682,0.6148138796925506
7.573533683602849,7.061840503972998,4.425469681852886,5.795398784478697,6.293311717409817,7.061840503972999,3.752971735571343
4.081482184172734,2.410779093436782,1.530265617008703,1.8889258418825106,2.0439908893507677,2.410779093436782,1.1745493214286642
2.987326050774272,2.158153285353618,1.561010268420333,1.6463060833981564,1.9372185758585607,2.158153285353618,0.9184449896788547
26.335890903150233,13.137907261336032,10.243073686167895,11.69075208258693,12.052273903789121,13.137907261336032,7.551718200162947
3.4691056896874053,2.7322612947557463,1.7514486145431671,2.416324513761318,2.4062802301368853,2.7322612947557463,1.330163802239612
5.486411206496408,3.3213987487384253,2.2532304053392944,2.8409176756851378,2.955349856150472,3.3213987487384253,1.5488759803730767
3.473459860458223,2.8046483506297624,1.8450954145310408,2.4674442118983855,2.5057152638333817,2.804648350629762,1.3672327469420855
17.06296811920825,7.684937540174339,6.131678656476347,6.824259679075646,7.0182577601379945,7.684937540174339,4.026038071917946
1.9184355024277597,1.4560457916144123,1.073880972443007,1.1309707461680538,1.3772621866744514,1.4560457916144123,0.5268303249255856
3.9418788664643896,2.2794669626825943,1.3648930217390443,1.8696301989457609,1.7026018983044606,2.2794669626825947,0.9937296108513332
2.5306045894530103,1.2807079360677955,0.6841595654927372,1.2320444261103165,0.9668889885263059,1.2807079360677955,0.5401859928051213
1.481924014757877,1.484535384916149,1.0598313748842279,1.1447346305642951,1.374045561560069,1.4845353849161484,0.5379483715437119
2.457044268518305,1.6068186729367924,0.9961786395717983,1.3895050199577428,1.430805719089707,1.6068186729367924,0.6586816861506699
18.925604357059047,14.348659802962478,11.145623212758993,12.318359759023988,14.067753469221561,14.34865980296248,8.013793772393274
3.7515346306347737,2.2191120156198125,1.4756585373259588,1.8603743641292543,1.790102642440374,2.2191120156198116,0.9684574604062924
5.019017766048032,4.092980126700687,3.7955708847892113,3.718440091022462,3.8003490701071034,4.092980126700688,2.113811743487368
7.526703679180479,4.45360414032092,3.940838057004405,4.152740284588241,4.388376733716591,4.453604140320919,2.0983701041368072
1.7474645332209209,1.4935819025160135,0.9207846786661367,1.360354402532005,1.4154231261121581,1.4935819025160133,0.5434360372053686
3.1126378000380672,1.9632088232204705,1.5129354485320206,1.683226296727597,1.7995856018135148,1.9632088232204705,0.8098526784067364
5.500644003598666,3.311826475919099,2.2478362318487153,2.585561185426039,2.9079700571786686,3.3118264759190983,1.652486731936549
2.7269843761296606,1.8753318471328442,1.1400547064734476,1.5810870929334566,1.714238772924889,1.8753318471328446,0.7432857681332421
2.2371277694045806,1.607776725752384,1.0212563152560434,1.3245891985910554,1.3569490275304508,1.607776725752384,0.6772444446516661
4.02271390013125,2.1444785901304386,1.3915267771956463,1.6966899365072843,1.7265868497853378,2.1444785901304386,1.053209534997196
1.9666069652533635,1.5433820458595233,0.955934905982006,1.3893993512287854,1.4577322507927997,1.5433820458595233,0.5622521298636186
5.503110809170955,2.9821230804012715,2.021762685696366,2.502606059406639,2.498104087671847,2.982123080401271,1.4234840042750732
3.9858983575161377,3.186744687159528,1.968743001958755,2.679755979461726,2.5704606532416348,3.186744687159529,1.4758625675488073
5.491919922221941,3.0761506542122636,1.9078814251371168,2.605763772846188,2.367319169785451,3.0761506542122636,1.4773228141514065
8.80540074920464,3.9777046460038568,2.315234087551647,3.445086787691809,3.1544063077716946,3.9777046460038568,2.073828219307504
3.7423688006619087,2.930438683994528,2.5131358696434574,2.5067713997475396,2.865067406367332,2.9304386839945273,1.2995283831465034
4.955205718727847,4.1082012126509655,3.922876564622314,3.785008038642864,3.817365096988065,4.1082012126509655,2.11159446013597
11.415424060106092,3.582075487725342,3.4011827375206143,3.668997845046932,2.9584286889585627,3.582075487725342,2.074071317286443
22.31660448591909,15.828235664470943,12.819730386406183,13.766000532464316,14.239030844807727,15.828235664470945,9.094032782668698
2.5267320791848493,1.9474726786713605,1.1388722749806994,1.7319459772989398,1.6894189757508429,1.9474726786713603,0.7641876547036749
4.042271207288384,2.4148560574341085,1.4985915872680557,1.892748485268163,2.061077008277813,2.4148560574341085,1.1551584488736897
2.241123895754838,1.8556412245417402,1.4417698940309893,1.423652422925622,1.74188187348554,1.85564122454174,0.7518697456099672
4.057810538771956,2.4438030792180814,1.7258760112295897,1.956263465284548,2.117924822061825,2.4438030792180814,1.1239267223063059
4.119180838380414,2.4058815807206146,1.5264092105014755,1.878336332959111,2.0342797509964874,2.405881580720614,1.1675279261767035
2.584629519385759,2.1419304664611376,1.4288852627979416,1.9124207806629168,1.9160347722611153,2.141930466461137,0.9300532786534029
5.6658334286377645,2.9798653736371237,2.5067264314434854,2.5087250556726013,2.4889362036207383,2.979865373637123,1.388053490858809
7.3569791713279145,4.844089917979089,3.4280860079618747,4.122072406670456,4.778575242242145,4.844089917979089,2.429834912974566
7.2813193195468635,4.751356018131273,4.109315805875899,3.994802676191324,4.6012276158748096,4.751356018131272,2.397938869303006
11.128993242004457,7.174259542886307,5.293134695050441,6.393507021356398,7.1305050576640285,7.174259542886306,3.76274772693906
1.9048252807252886,1.586769216866551,1.0928146299191195,1.2379226461244697,1.4776562275755714,1.5867692168665508,0.5790421786124695
2.6222586704213433,2.1515725862886286,1.467636731252804,1.9042781106930013,1.9504940040850858,2.1515725862886286,0.9358038798134841
2.4653156786750174,1.337319014380884,0.7279568752530818,1.2226394061193122,1.034436568746061,1.337319014380884,0.554620830032712
26.26403144707415,13.568202066058587,10.503614811511385,12.227092964122955,12.333282791179181,13.56820206605859,7.746545192985651
17.550002429033814,7.705311352313959,5.157413771591862,6.783937099400623,7.018229200376479,7.705311352313961,4.170733111865863
25.942692503801002,12.72867007703253,9.820667971050652,11.923036413756481,11.080245745570403,12.72867007703253,7.341667167545661
3.9887342971839765,2.0851896588749645,1.2545105626625401,1.8107293777053346,1.5582250625826517,2.085189658874964,1.000283255011542
4.01186397183212,2.4188497784165013,1.5030695069889857,1.9133516470549883,2.057666855014649,2.4188497784165013,1.146094453875417
2.7180767658615275,2.105514752564859,1.5568510165502358,1.7801481995174773,1.8621412348055657,2.105514752564859,0.94255865912386
2.561694352703478,2.1620294216596454,1.5315607390767312,1.9208100510237935,2.000176766379186,2.162029421659646,0.9107484525299188
3.7067836144018704,2.8419390624176946,1.95293581745973,2.562176369652237,2.579031110498822,2.8419390624176946,1.3464924121788395
3.7146861071605137,2.8234382639004405,2.3530055815927153,2.5582924890418406,2.5537200587102977,2.8234382639004405,1.3390349465485427
4.056561136689827,2.3547029079000166,1.4592930854339432,1.87936595318485,1.9521054145451122,2.354702907900016,1.1051926687348692
24.43793817269133,13.627294729458011,12.913966062912236,10.682621803440963,12.425281744142906,13.627294729458011,8.645221827676295
3.7549853217900635,2.221099190144808,1.4887562901602107,1.8616127428287133,1.8016846055680558,2.221099190144808,0.9695018822729077
4.134823454680957,2.210038676740928,1.453745164400998,2.0031892667540165,1.8332443550973163,2.2100386767409277,0.930809608004197
7.367736308583332,4.734457510051491,3.3940114518109543,3.910597384462026,4.547845089125511,4.734457510051492,2.3779558857888494
9.078959552721326,4.485518721492203,3.2607330300948862,3.574676659374339,4.184474548522707,4.485518721492204,2.418348749074474
1.9232640134913626,1.5628437109316422,1.1858131196827015,1.2553776882401353,1.5286774366517288,1.5628437109316422,0.5631071156944246
3.5014415268950625,2.452915540961745,1.457523351353955,2.0090784590139688,2.1911935427156193,2.4529155409617456,1.079479071516237
2.2003553832965146,1.6669677633544402,1.0826344208034537,1.3319207540141746,1.4310270411818737,1.66696776335444,0.7022848369561595
3.927625123928843,2.513887838880019,1.9456853623826138,2.019822365883828,2.214410617958802,2.5138878388800197,1.1528205497919353
4.096969804002597,2.4393457511949412,1.6045670280146205,1.9042660844884465,2.0849025602406486,2.4393457511949412,1.1803353559702097
5.5783004466221735,3.2803370291556257,1.986980354162068,2.577524136212559,2.8687153493403383,3.280337029155626,1.6379697773808595
4.007224738340725,2.2603253927756164,1.5302712562737226,1.8339543209241527,1.8426943924959054,2.2603253927756164,1.047894862625213
2.602353694377858,2.151715968586455,1.517691111274121,1.9218874620169424,1.9767692994824944,2.151715968586455,0.9170256320148474
3.7851331113714117,3.0834434555132435,2.13769967928172,2.612229249186351,2.921822765482733,3.083443455513243,1.4346072083819763
3.0452542528701447,1.8163139218280036,1.1843015902943865,1.4897263865253243,1.4833170809725191,1.8163139218280036,0.821401226097227
3.636968596485677,3.0027673022665864,2.3044944028507133,2.468174286308914,2.73872362687235,3.002767302266587,1.395710421773172
2.4815154757029116,1.6675685979851282,1.090228286174001,1.3271310539105936,1.4718433263251833,1.6675685979851287,0.7072610702879171
4.143386479709564,2.3260860374755548,1.7372590864729764,1.758369027543683,2.0645453028974887,2.3260860374755543,1.0132943755641015
2.471928246542275,1.3253959280596803,0.7013940285477012,1.2492961394477518,1.0091043957196544,1.3253959280596805,0.5638231702773718
2.142014022286032,1.6745764745632097,1.2388529941889979,1.4336182976362974,1.4720416687557671,1.6745764745632095,0.6556368668170469
2.750195839604369,2.1033570311641205,1.527682633505812,1.765009040158532,1.8413659821628625,2.10335703116412,0.9546134321242424
3.719642666119549,2.871304783259535,1.9472056399822781,2.5281958300852136,2.632300057476104,2.871304783259534,1.3644170984592836
5.449905772216104,2.6607283858507076,1.5905964538910073,2.2322589623142215,1.9980832542999267,2.660728385850708,1.307790279186278
2.6966169033931497,2.1062274595843773,1.3824984239979592,1.797787084500067,1.8684615128119135,2.106227459584377,0.9364762563493002
25.28591480919387,13.892223458730973,13.106666900994954,10.97800578544582,12.317166763553413,13.892223458730973,8.138883077210082
7.409473441108416,4.731757744530811,3.3397863221021327,3.9912660296838447,4.577892815288398,4.73175774453081,2.3989101507775947
1.7377749041521506,1.2385189252547064,0.9167621925843169,0.9912230849885855,1.1300451353540955,1.2385189252547064,0.43579791519159483
2.1058343687779377,1.6045611871918746,1.1576892722463026,1.2730536298686634,1.532356915445643,1.6045611871918741,0.5928552423108002
1.792726540285618,1.390749217572894,1.022253816059065,1.0594345097442874,1.298167126677479,1.390749217572894,0.4994027197338148
2.838991810135002,2.094876919712292,1.3397968062546532,1.760035942135284,1.8353970607075278,2.094876919712292,0.9478501352510967
5.527697639483129,3.5358220292800273,2.240072489366009,3.054315991217789,3.2463202432966836,3.5358220292800264,1.6794364466012348
5.174041726882783,3.261572184345579,2.591691137182618,2.778617538438114,2.889890546132223,3.261572184345579,1.5235632296624586
4.785715395550489,3.595363016574322,2.9483657327487647,2.6975349394181025,3.299499906653818,3.5953630165743213,1.702550337043861
2.3572052985720484,1.8199448599823778,1.2285768088568696,1.453940590466213,1.6909468704793063,1.8199448599823773,0.6707715215483055
2.6013279626011068,2.1259957133363505,1.4828293893384155,1.8802718879183764,1.9433436876510641,2.12599571333635,0.9143828905917839
26.324486155843804,13.306705614688013,10.793124304801752,11.726019689564348,12.106885333208334,13.306705614688017,8.067708547282844
4.871113464121001,4.070867116653321,2.8311135641154546,3.7407927302604698,3.7445870281658076,4.070867116653321,2.082577621262101
2.198612395428312,1.59652943315574,1.0474992839808028,1.3048821721444521,1.3130282394692891,1.5965294331557396,0.6850886504586696
2.221093737867008,1.562721734889276,1.1208803287137534,1.3078552512953654,1.2749954805021497,1.5627217348892755,0.6654854385532901
5.460508367851708,3.478691410024585,2.63807371127412,2.7418773722007246,3.135756482302409,3.478691410024585,1.7466133966612933
2.1606169573479717,1.696538734541101,1.2499713813189985,1.4562016668886058,1.4937490726875722,1.6965387345411014,0.6718437124508516
27.169573422949046,14.97157832889654,13.745724963890986,12.325499353464238,13.167928860950774,14.971578328896538,8.124191563638616
5.491268216581562,3.275272211654665,2.1718254604016467,2.615420148108375,2.83732012572335,3.2752722116546664,1.607640378058225
4.468431308870471,3.4109236424151104,2.5220948490366104,2.9376772124167805,3.073049754292212,3.410923642415111,1.6940812403477554
3.753988496319387,2.2202021761648725,1.4111886108715637,1.8610371540623623,1.796084924140904,2.2202021761648725,0.9690259846081881
3.4747196564007004,2.7640442403246914,2.172028688184279,2.4242153604439616,2.4484471901830376,2.7640442403246914,1.349071842111743
2.7054616346323352,2.1729244843666082,1.4781669553058514,1.9138123160276057,2.001066369982401,2.1729244843666082,0.9385152404236055
4.787014024398859,4.129252893995931,2.9534195195421913,3.746658718447689,3.8047471974636,4.12925289399593,2.080655573739043
2.628093708199191,2.1423505765959545,1.6620142875428554,1.8818809490817239,1.948359605711665,2.1423505765959545,0.9315338130187039
2.7569247993231607,2.0958176684433627,1.5171889793417463,1.754958824074925,1.8306582329116665,2.0958176684433623,0.9541135062241031
4.030982474439786,2.2624391234056915,1.530459700999207,1.8146257292477062,1.8483187079754169,2.2624391234056915,1.0598746205059126
1.6952148660970972,1.0485113001861406,0.7179013024239136,0.9989726374387184,0.8337875288179503,1.0485113001861406,0.3985623054510543
2.7293137003473387,2.147610965268361,1.2316239815180738,1.7649540648298767,1.9447323264292664,2.1476109652683615,0.9810195653204254
5.447975276418861,2.8479105533195184,1.880358940639969,2.3693177349799464,2.2022556555691937,2.847910553319518,1.3561048450219946
4.311782923535201,2.8181969844565407,1.8048878327716975,2.609434063541141,2.405917357327226,2.81819698445654,1.4415425041739245
3.4727683747020146,2.72263182292348,1.800079536353289,2.3986220231976723,2.391738574717593,2.7226318229234807,1.3280131613627506
1.8493781561354252,1.4535552187904752,0.9997442327907599,1.1172031738833166,1.308341926179734,1.4535552187904752,0.535216180812112
4.100122725464596,2.424417721598469,1.4385578603553757,1.8897089334575665,2.070839633378641,2.4244177215984686,1.168141639980181
5.500198969425958,2.7384933754014162,1.6606350477193335,2.3590851718665355,2.0665715740504575,2.7384933754014154,1.4071667243869708
27.26203528242086,10.072486907027047,10.7284244694296,8.625139170673197,8.693195267954426,10.072486907027047,6.373906978441717
3.4748486929888602,2.5501824109938305,1.9288526715737773,2.2516455496949708,2.163066996190928,2.5501824109938305,1.2547373938494388
2.8552523543679698,2.252817845565121,1.4550682479951438,1.9387089834168143,2.0570953524904154,2.252817845565121,1.0075335785743869
4.077061947164002,2.4153678316348253,1.4507255177485512,1.8897948256312915,2.065075928720484,2.4153678316348253,1.1568536065842736
3.4724183469911063,2.83225032014948,2.321220258125443,2.5370115639122814,2.5404997986711355,2.832250320149481,1.3744103017030198
2.986360285232945,1.4360123487169627,0.8776919686493222,1.2926572225011845,1.0676819821735621,1.4360123487169625,0.6574513125035741
5.230456815244934,2.4897872666970535,1.8514517806054325,2.3582853588444816,2.217288666334931,2.4897872666970535,1.2925052260808723
4.900708172498233,4.272396574306147,3.731727523564119,3.7046402185654013,4.077927591127991,4.272396574306147,2.1616784095633306
3.4932038949080315,2.8526782803980404,1.8887873061002465,2.5560686702872246,2.597452569851835,2.852678280398041,1.3810775870377725
1.8344556002029673,1.3925941348391948,0.9026379939453321,1.132028199151441,1.23899923236943,1.3925941348391948,0.5417540793099646
3.6698581377564015,2.7280060879702415,2.2615838253785627,2.5158255133409058,2.4220061536050776,2.7280060879702415,1.2966542465351842
3.492293262262047,3.14006661566287,2.708100006319328,2.666212468181854,2.986298915349186,3.14006661566287,1.5041649821101142
5.964505349525598,3.291540249454809,2.6602586910173445,2.521611242550071,2.973120174048973,3.291540249454809,1.5444585405193612
7.577436518376787,6.678103248995445,4.950265806987994,5.970757605541677,6.393508582534287,6.678103248995446,3.633201148966605
4.018547396445835,2.3753711572883014,1.4970926253524606,1.92513580942148,1.9685413816018855,2.3753711572883014,1.0899500819348102
2.6721706378471017,1.90617361371837,1.241035066452024,1.7648475213437935,1.5974619094106393,1.90617361371837,0.8795215490616611
2.9054864262944533,1.9887410512705506,1.352339681115154,1.810342545594541,1.6833582144739863,1.9887410512705501,0.8953464816750493
5.512689130659198,3.3392218762210226,2.249012691934284,2.6591690150737124,2.8613075370265983,3.339221876221023,1.6540733216757169
5.326013274759063,2.8837631246983446,1.950912385959177,2.5209390486353334,2.635352808397869,2.883763124698344,1.3763700932606602
2.0888945384726934,1.5803851610749318,1.0232233050728008,1.3335827372401354,1.4625686785805647,1.5803851610749318,0.5785784307101017
2.3301817356607524,1.682226838078342,1.1193609115800467,1.3752240462905745,1.4593843287846877,1.682226838078342,0.7058128074374086
4.116977540267666,2.4106235773651754,1.529626429956898,1.8907770753789208,2.042078562468508,2.4106235773651754,1.1772468186593394
10.993522201473677,7.222009130400335,5.310444467808395,6.3865485513286595,7.166556257006934,7.222009130400335,3.787812834012846
2.7445110552629237,2.0977821195714217,1.5292346839126454,1.761842165558948,1.835160832858769,2.0977821195714217,0.9513201143474163
2.68186600536209,1.9928499360390686,1.3102361317563442,1.824373577668666,1.711804472707808,1.9928499360390686,0.9116704689247223
5.406845411690914,3.6450774538599746,2.5003834943353143,2.9011229648357557,3.404044395730708,3.6450774538599737,1.8263748461041955
3.363474455824685,2.2100845677714167,1.6961111532704987,1.9021197886799963,2.149881974678656,2.2100845677714167,0.8774483447956826
4.079181518004607,2.4485978439857203,1.5043071780999584,1.9134695269158444,2.09493795582443,2.448597843985721,1.1810818151929237
4.116412566824287,2.4716129386030166,1.6648092711768212,1.9283513821724056,2.1261913848270155,2.471612938603016,1.195776147507964
5.630014598828781,2.815108168797245,1.859814305132045,2.394122531907246,2.1319227033400834,2.8151081687972446,1.393951296043704
5.466477794293639,3.2883706253659177,2.0240367923671365,2.5847941866837085,2.8780495551919008,3.288370625365918,1.6438239532954013
3.3428788280181525,1.8441485261897488,1.44374805081939,1.7643522533889489,1.7040437763325935,1.844148526189749,0.7513424655592181
5.4373938867636324,2.9375607386169333,2.321208080144178,2.4531198684411346,2.4545695841850512,2.937560738616934,1.3826107332695337
2.762048809714108,2.088366351025809,1.5238115010724398,1.754883394171234,1.825927365640845,2.088366351025809,0.9454449825091364
3.9689306352676517,2.2674277545861603,1.7695462205490309,1.9007381010641167,1.9339973672634927,2.2674277545861603,0.9804582699072214
